{
	"class_name" : "PinholeCameraParameters",
	"extrinsic" : 
	[
		0.99970344179386539,
		0.023593843011012406,
		-0.006029845559496776,
		0.0,
		0.0087014170262729763,
		-0.11482241267207087,
		0.9933479243899892,
		0.0,
		0.02274453356819103,
		-0.99310580711228169,
		-0.11499366101063602,
		0.0,
		-3.8333598405032858,
		2.0875050759707734,
		2.1829036612804669,
		1.0
	],
	"intrinsic" : 
	{
		"height" : 768,
		"intrinsic_matrix" : 
		[
			665.10751010644901,
			0.0,
			0.0,
			0.0,
			665.10751010644901,
			0.0,
			511.5,
			383.5,
			1.0
		],
		"width" : 1024
	},
	"version_major" : 1,
	"version_minor" : 0
}