{
	"class_name" : "PinholeCameraParameters",
	"extrinsic" : 
	[
		-0.53320220590768408,
		-0.083975974897929129,
		-0.84180962411647575,
		0.0,
		0.8284710043380018,
		0.14961048848466046,
		-0.53967814177207885,
		0.0,
		0.17126354716156747,
		-0.98517244042620467,
		-0.010200982222996946,
		0.0,
		-9.1745632836111159,
		-0.82393920886399785,
		15.962800254809837,
		1.0
	],
	"intrinsic" : 
	{
		"height" : 768,
		"intrinsic_matrix" : 
		[
			665.10751010644901,
			0.0,
			0.0,
			0.0,
			665.10751010644901,
			0.0,
			511.5,
			383.5,
			1.0
		],
		"width" : 1024
	},
	"version_major" : 1,
	"version_minor" : 0
}